Run	AdapterBarcode	BioSample	Experiment	genotype	Library Name	Sample Name	tissue	SampleID	Xgen Barcode length
SRR33317584	CTTCAGTTCG	SAMN48150489	SRX28562165	W22 Mu-Active\, W22 Mu-Inactive	GSM8955368	GSM8955368	Leaf	L79_3xDilution	8
SRR33317583	CTCATGAACG	SAMN48150488	SRX28562166	W22 Mu-Active\, W22 Mu-Inactive	GSM8955369	GSM8955369	Leaf	L79_10xDilution	8
SRR33317582	CATGAGTTCG	SAMN48150487	SRX28562167	W22 Mu-Active\, W22 Mu-Inactive	GSM8955370	GSM8955370	Leaf	L79_30xDilution	8
SRR33317581	GACTAGTTGC	SAMN48150486	SRX28562168	W22 Mu-Active\, W22 Mu-Inactive	GSM8955371	GSM8955371	Leaf	L83_3xDilution	8
SRR33317580	CTTGAACTGC	SAMN48150485	SRX28562169	W22 Mu-Active\, W22 Mu-Inactive	GSM8955372	GSM8955372	Leaf	L83_10xDilution	8
SRR33317579	GTGTAGATGC	SAMN48150484	SRX28562170	W22 Mu-Active\, W22 Mu-Inactive	GSM8955373	GSM8955373	Leaf	L83_30xDilution	8
SRR31064785	GACTAGTTGC	SAMN44370006	SRX26448926	W22 MuActive	GSM8585255	GSM8585255	Endosperm	E105	8
SRR31064784	GTTCTCTTCG	SAMN44370005	SRX26448927	W22 MuActive	GSM8585256	GSM8585256	Endosperm	E106	8
SRR31064783	CTTGAACTGC	SAMN44370004	SRX26448928	W22 MuActive	GSM8585257	GSM8585257	Endosperm	E107	8
SRR31064776	GTCAACTACG	SAMN44369997	SRX26448935	W22 MuActive	GSM8585264	GSM8585264	Endosperm	E42	8
SRR31064757	CAAGTACTCG	SAMN44369994	SRX26448954	W22 MuActive	GSM8585267	GSM8585267	Endosperm	E52	8
SRR31064754	GTACTAGACG	SAMN44369991	SRX26448957	W22 MuActive & B73 MuKiller	GSM8585270	GSM8585270	Endosperm	E61	8
SRR31064753	GATGTGTACG	SAMN44369990	SRX26448958	W22 MuActive	GSM8585271	GSM8585271	Endosperm	E63	8
SRR31064752	GAAGACTTCG	SAMN44369989	SRX26448959	W22 MuActive	GSM8585272	GSM8585272	Endosperm	E65	8
SRR31064751	GATCTAGTGC	SAMN44369988	SRX26448960	W22 MuActive	GSM8585273	GSM8585273	Endosperm	E69	8
SRR31064748	CTTCAGTTCG	SAMN44369985	SRX26448963	B73 MuKiller & W22 MuActive	GSM8585276	GSM8585276	Endosperm	E74	8
SRR31064747	CTCATGAACG	SAMN44369984	SRX26448964	W22 MuActive	GSM8585277	GSM8585277	Endosperm	E75	8
SRR31064746	CATGAGTTCG	SAMN44369983	SRX26448965	W22 MuActive	GSM8585278	GSM8585278	Endosperm	E76	8
SRR31064745	GTACTTCTGC	SAMN44369982	SRX26448966	W22 MuActive	GSM8585279	GSM8585279	Endosperm	E78	8
SRR31064744	CAAGTACTCG	SAMN44369981	SRX26448967	W22 MuActive	GSM8585280	GSM8585280	Endosperm	E79	8
SRR31064731	GATCAACAGC	SAMN44369978	SRX26448980	W22 MuActive	GSM8585283	GSM8585283	Endosperm	E83	8
SRR31064730	CATGAGTTCG	SAMN44369977	SRX26448981	W22 MuActive	GSM8585284	GSM8585284	Endosperm	E85	8
SRR31064727	CACATGTACG	SAMN44369974	SRX26448984	W22 MuActive	GSM8585287	GSM8585287	Endosperm	E99	8
SRR31064768	CTTGAACTGC	SAMN44369957	SRX26448943	W22 MuActive	GSM8585304	GSM8585304	Primary Leaf	L74	8
SRR31064767	GTCAACTACG	SAMN44369956	SRX26448944	W22 MuActive	GSM8585305	GSM8585305	Primary Leaf	L74T	8
SRR31064766	GTGTAGATGC	SAMN44369955	SRX26448945	W22 MuActive	GSM8585306	GSM8585306	Primary Leaf	L75	8
SRR31064765	GTACTAGACG	SAMN44369954	SRX26448946	W22 MuActive	GSM8585307	GSM8585307	Primary Leaf	L75T	8
SRR31064764	GATGAGATGC	SAMN44369953	SRX26448947	W22 MuActive	GSM8585308	GSM8585308	Primary Leaf	L76	8
SRR31064763	GAACTTGTGC	SAMN44369952	SRX26448948	W22 MuActive	GSM8585309	GSM8585309	Primary Leaf	L78	8
SRR31064762	CAGTTGAACG	SAMN44369951	SRX26448949	W22 MuActive	GSM8585310	GSM8585310	Primary Leaf	L79	8
SRR31064759	GTGTAGAACG	SAMN44369948	SRX26448952	W22 MuActive	GSM8585313	GSM8585313	Primary Leaf	L83	8
SRR31064714	CTCATGATGC	SAMN44369945	SRX26448997	W22 Mu-Inactive	GSM8585316	GSM8585316	MuInactive Leaf	MI-1	8
SRR31064713	CTTCTTGTCG	SAMN44369944	SRX26448998	W22 Mu-Inactive	GSM8585317	GSM8585317	MuInactive Leaf	MI-2	8
SRR31064712	CAACATCTGC	SAMN44369943	SRX26448999	W22 Mu-Inactive	GSM8585318	GSM8585318	MuInactive Leaf	MI-3	8
SRR31064711	CTACTGATGC	SAMN44369942	SRX26449000	W22 Mu-Inactive	GSM8585319	GSM8585319	MuInactive Leaf	MI-3T	8
SRR31064710	GAACAAGAGC	SAMN44369941	SRX26449001	W22 MuActive	GSM8585320	GSM8585320	Pollen	P105	8
SRR31064709	CTCATGATGC	SAMN44369940	SRX26449002	W22 MuActive	GSM8585321	GSM8585321	Pollen	P106	8
SRR31064708	CTGAAGTTCG	SAMN44369939	SRX26449003	W22 MuActive	GSM8585322	GSM8585322	Pollen	P107	8
SRR31064707	CTAGACTAGC	SAMN44369938	SRX26449004	W22 MuActive	GSM8585323	GSM8585323	Pollen	P42	8
SRR31064706	CTCATGATGC	SAMN44369937	SRX26449005	W22 MuActive	GSM8585324	GSM8585324	Pollen	P52	8
SRR31064705	CTCATCATCG	SAMN44369936	SRX26449006	W22 MuActive	GSM8585325	GSM8585325	Pollen	P69	8
SRR31064704	GATCTAGTGC	SAMN44369935	SRX26449007	W22 MuActive	GSM8585326	GSM8585326	Pollen	P74	8
SRR31064703	CACATGTACG	SAMN44369934	SRX26449008	W22 MuActive	GSM8585327	GSM8585327	Pollen	P75	8
SRR31064702	CAGTTGAAGC	SAMN44369933	SRX26449009	W22 MuActive	GSM8585328	GSM8585328	Pollen	P76	8
SRR31064701	CACAACAACG	SAMN44369932	SRX26449010	W22 MuActive	GSM8585329	GSM8585329	Pollen	P78	8
SRR31064700	CTTGTCATGC	SAMN44369931	SRX26449011	W22 MuActive	GSM8585330	GSM8585330	Pollen	P79	8
SRR31064741	CACATCTAGC	SAMN44369930	SRX26448970	W22 MuActive	GSM8585331	GSM8585331	Pollen	P79-T	8
SRR31064740	CTCATCATCG	SAMN44369929	SRX26448971	W22 MuActive	GSM8585332	GSM8585332	Pollen	P83	8
SRR31064739	CAAGAACAGC	SAMN44369928	SRX26448972	W22 MuActive	GSM8585333	GSM8585333	Pollen	P85	8
SRR31064738	CTAGACTAGC	SAMN44369927	SRX26448973	W22 MuActive	GSM8585334	GSM8585334	Pollen	P99	8
SRR31064737	CTGAAGTTCG	SAMN44369926	SRX26448974	W22 MuActive	GSM8585335	GSM8585335	Root	R61	8
SRR31064736	CTAGAGAACG	SAMN44369925	SRX26448975	W22 MuActive	GSM8585336	GSM8585336	Root	R63	8
SRR31064735	CAGTTGAAGC	SAMN44369924	SRX26448976	W22 MuActive	GSM8585337	GSM8585337	Root	R65	8
SRR31064734	CTAGACTAGC	SAMN44369923	SRX26448977	W22 MuActive	GSM8585338	GSM8585338	Root	R69	8
SRR31064733	GACTAGTTGC	SAMN44369922	SRX26448978	W22 MuActive	GSM8585339	GSM8585339	Root	R74	8
SRR31064732	CTAGAGAAGC	SAMN44369921	SRX26448979	W22 MuActive	GSM8585340	GSM8585340	Root	R75	8
